WKT,OBJECTID
"MULTILINESTRING ((766588.650317217 84712.0547988074,766622.959580428 84702.1151126782))","23800"
"MULTILINESTRING ((775314.881759717 78901.3123126713,775316.990957353 78902.0923119904,775314.31375912 78916.0285965069))","23802"
"MULTILINESTRING ((740609.741641982 71719.3209416782,740578.325475109 71743.7555120814,740585.115866867 71753.1595020845,740613.492532799 71787.2338661369,740625.638119882 71779.2750759191,740634.653509801 71780.0578757105,740758.184260893 71936.5156101754,740766.643950552 71949.1278967207,740771.544245202 71947.8042985607,740771.208245569 71947.9154984106))","23803"
"MULTILINESTRING ((742688.799457122 68631.7416375894,742679.573969883 68596.7851758909))","23804"
"MULTILINESTRING ((777293.611486497 77886.5298862682,777305.511471746 77908.3286634017))","23807"
"MULTILINESTRING ((719449.441298322 71923.6861768229,719478.284967344 71902.9047023615))","23808"
"MULTILINESTRING ((773378.145337594 79333.9594786419,773410.539399671 79364.8378474638))","23825"
"MULTILINESTRING ((765547.326310088 92142.9416172185,765521.725540011 92122.8972370276))","23826"
"MULTILINESTRING ((772269.569378245 80183.341955206,772296.970848896 80176.170265351,772309.0895331 80206.9355326002,772251.726494226 80225.7101072362,772250.941995037 80226.2569065716))","23827"
"MULTILINESTRING ((766201.196109258 87421.1726807796,766207.240402677 87420.5827819554))","23832"
"MULTILINESTRING ((772069.759288541 85011.531638834,772052.84780949 84982.9789687294))","23834"
"MULTILINESTRING ((732789.166966162 76969.964778884,732799.190354993 76969.5240801415,732819.338432333 76971.4149795538))","23835"
"MULTILINESTRING ((772409.868916424 85014.3820649837,772407.418618399 85022.5687557852,772407.97561735 85027.659950244,772406.080519376 85028.2060494815,772411.203313501 85031.4173463976))","23836"
"MULTILINESTRING ((766073.68834203 87503.7754786646,766084.033329663 87515.4000667529,766120.09878694 87551.4822301228,766142.908458604 87589.439190276,766154.694343765 87611.348067156,766156.362941575 87615.4474627824,766171.165623731 87633.8159438274,766243.59883429 87748.0322242634,766260.411316038 87745.7145282812,766260.29641574 87750.5826229071,766269.426789087 87941.4195133959,766190.552470064 88005.5407358502,766174.49118392 88048.7790867952,766173.007079937 88113.0564158245,766190.113655083 88182.6484406201,766239.733193405 88265.2041539725,766242.512890064 88268.5253505556,766251.635179053 88279.9267387875,766243.945486362 88292.8668238554,766242.152186755 88310.9013038217,766251.561368046 88406.7026990628,766269.039546741 88430.942373879,766308.105601379 88459.2839460636,766303.535905611 88468.2480357834,766360.420640644 88497.156308908,766385.008109617 88543.302260207,766386.340107737 88548.0599550808,766389.119304328 88552.150750816,766392.346300388 88556.6870460993,766443.523836885 88640.3564583799,766451.290522842 88703.3040896936,766434.450538382 88736.8150512868,766344.775132426 88786.7699883634,766305.560672471 88820.9262472764,766245.131729156 88930.7441209351,766241.009732825 88940.4780098453,766240.991930181 88970.7904764347,766243.751223807 89008.8472347302,766263.878597931 89051.8934890566,766285.021572075 89081.995657738,766294.030059529 89112.2021252376,766311.199927332 89263.8854595683,766320.304113654 89305.7013142844,766362.07105188 89486.3855188222,766469.00602224 89625.2885751702,766493.268293217 89652.4070474272,766508.181775078 89672.4355266718,766504.70817589 89706.3994889329,766481.863098943 89729.2801616968,766432.066151005 89758.6821248906,766343.591640437 89845.5798212885,766336.044948106 89852.5551129334))","23838"
"MULTILINESTRING ((771046.395972135 87727.9297660701,771074.576542048 87719.317078005))","23839"
"MULTILINESTRING ((776504.163172712 78784.3489389457,776424.698367186 78689.1621365539,776323.940482063 78627.9226952617,776178.761947528 78540.4437790362,776177.422049664 78532.2547878894,776167.981763875 78484.6776391867,776159.190473806 78480.4721430663,776128.347508868 78462.9754596761,776104.840832896 78482.325436559,776095.147242892 78489.2846281433,776069.094172889 78469.917347196,776025.56322299 78437.808278758,775999.419454917 78396.1945221592,775960.368204236 78314.1884087142,775957.889319081 78166.4917701891,775970.584505161 78167.4999701275,775969.582207161 78156.4364821558,775959.892817789 78155.6522822181,775964.717918108 78087.7280569674,775959.501125448 78067.5838785889,775955.947131175 78045.0200029966,775997.981192275 77960.6278988253,776003.78118785 77937.5033246124,776019.40147555 77879.8688889784))","23841"
"MULTILINESTRING ((766201.237409332 87419.8029822913,766207.223902777 87419.6329829987))","23857"
"MULTILINESTRING ((766201.229109321 87420.0328820383,766207.223902765 87419.7829828339))","23858"
"MULTILINESTRING ((738468.224331615 72977.9020770936,738475.457723628 72977.0244786129,738498.058897935 72984.1080723733,738503.534094485 72948.5002125864,738480.039421614 72935.4365254446,738483.60901841 72925.0451373261,738487.290315021 72915.5345482311,738566.816850775 72587.9480203197,738591.767823684 72578.6598325495,738595.440020351 72568.4910441878,738622.493389755 72574.9182390084))","23861"
"MULTILINESTRING ((769014.758582568 92389.8773575456,768968.97903217 92396.3771462526,768972.531026256 92418.7269219695,768973.64102493 92419.9423207316))","23863"
"MULTILINESTRING ((737821.284845596 71711.1739455457,737886.428474692 71688.7471754065))","23864"
"MULTILINESTRING ((734720.765676089 77396.4408482329,734721.573480866 77322.3300313605,734793.283800524 77326.126132601,734792.694396171 77391.4947592915))","23866"
"MULTILINESTRING ((755425.613736323 93550.977152135,755430.953730612 93548.8755549455,755451.996506701 93556.1943487058,755463.579193881 93556.4237494893,755495.661560317 93535.3115757848,755512.382045291 93496.7128201084,755518.199642115 93460.3235610058,755513.902253331 93387.9713409012,755512.260159486 93339.412594632,755533.889140297 93286.6583550971,755543.137631332 93272.6166715029,755551.500423504 93256.803389796,755634.143734291 93233.1807233846,755648.834818057 93233.1893246853,755685.578677128 93236.8549238994,755702.621358258 93237.3100249192,755790.360760569 93245.6604234902,755912.194727903 93223.9430584651,755915.540624907 93216.0915674726,755911.200829722 93215.8663673355,755920.771418308 93225.2739577552,755991.046142465 93205.1858863137,756039.37329022 93192.3819048335,756047.951180793 93191.8306062109,756066.881860226 93187.9661121891,756087.270338315 93181.1259215976,756102.187622181 93177.2591272182,756171.237747402 93160.4896519844,756209.533703756 93175.5516387002,756273.977327666 93230.4618835592,756323.742571094 93248.4048681078,756395.670190745 93258.5169633229,756450.566529567 93264.6319614503,756457.136022113 93266.8519595765,756484.283188685 93305.3656192945,756507.628957646 93364.1182562321,756520.426742323 93377.3942426537,756541.24391844 93387.3648334618,756559.285298456 93388.0430343237,756681.690968297 93331.9175075149,756715.990730249 93333.8201084741,756851.257577368 93373.056477078,756871.648455811 93362.3405907842,756880.568948416 93334.9098219965,756881.810749946 93302.5045580342,756871.182070451 93204.4825657575,756870.625271549 93199.0674717104,756876.109369113 93158.5794170884,756899.075947473 93116.9981652404,756901.760146731 93092.1134930687,756900.542248809 93083.9255020381,756839.254727264 92963.2034304014,756833.933337176 92917.9523800943,756844.756027406 92893.5175081494,756872.160798764 92875.3881306931,756948.788816867 92845.0115712062,756957.359107721 92841.4746758906,757019.958741297 92811.3123149114,757224.916125024 92699.2684573835,757226.484224693 92683.562374932,757278.045068089 92680.050783419,757282.377762171 92692.7747697045,757364.456972887 92677.9969933987,757418.024514033 92674.9318015729,757552.891267368 92650.3475408418,757605.906211656 92618.9647803449,757696.948419911 92521.0024970098,757724.454790994 92504.8666173393,757718.450198557 92494.357728449,757726.135090578 92488.7248353754,757733.931781037 92499.2348244244,757771.335038863 92509.3264165765,757777.570832119 92507.7816188425,757843.597057835 92523.7502070327,757887.224505759 92567.9115619919,757966.474413759 92618.9554125062,758026.927044025 92652.9458802427,758083.920578651 92680.8609544013,758088.368373101 92688.0495468348,758096.825662505 92702.2131318986,758093.579763598 92730.0928007244,758096.804259309 92738.282091939))","23867"
"MULTILINESTRING ((771678.131030877 80108.4584883274,771676.123132923 80110.2285862196,771667.076038237 80165.4259248832,771675.30042643 80199.3973882766,771700.124598356 80210.6959779342,771726.748469423 80208.6053824387,771734.207361344 80207.7284840193,771773.415418788 80204.0959912583,771804.361783803 80218.05007851,771818.380866778 80238.5325571928,771843.959633308 80304.9224864512,771872.048188322 80476.8595000778,771880.830577038 80497.1072785851,771881.499875865 80502.4211728082,771907.435545226 80529.9759447231,771914.673137791 80524.2306516297,771919.12323254 80528.8787468986,771916.002335491 80534.4132405659,771932.031116682 80549.9077248936,771969.099073237 80585.1097893433,772035.10019462 80662.9184094442,772071.153451297 80709.95226083,772063.026359267 80720.89924814,772110.984300513 80796.9365686907,772151.156052982 80840.4303243097,772144.588759403 80849.5051138042,772148.252754687 80858.0197047649,772156.50014642 80849.0664152794,772243.329245363 80922.9085414915,772269.492615032 80943.7131208438,772344.412928773 80996.1929695141,772344.850628147 80997.9644676074,772344.41222869 80997.1945684158))","23872"
"MULTILINESTRING ((733154.866881484 75332.0734439172,733149.634487438 75330.6333451406,733107.547134456 75330.6150419964,733106.544935542 75331.0570414253,733106.2107359 75331.278141153))","23873"
"MULTILINESTRING ((734301.858667821 74436.0102345088,734301.632667733 74440.5435294112,734309.194256439 74478.705687207,734309.082256553 74478.8168870735))","23874"
"MULTILINESTRING ((775358.416217847 76386.4058700158,775333.607148346 76343.8011146533,775333.625751216 76308.0619537827,775323.378162747 76303.6334578016,775327.655664215 76227.8454411219,775312.232290919 76105.4771738467,775312.797391062 76096.0743841869,775306.692500669 76059.5625236669,775290.160828987 75931.9913619987,775288.830131097 75923.8115708463,775282.504141394 75881.6522164939,775282.282241965 75877.5626209527,775278.956848178 75845.4756558147,775269.101368025 75732.5132786904,775257.421681971 75717.4566942335,775250.292690218 75711.5924000803,775228.47291488 75700.740810203,775135.923315487 75704.5599985708,775136.912512907 75723.2645781723,775133.570816593 75722.7064785144,775123.105727926 75723.6932765916,775104.501548299 75722.5801763128,775105.522149121 75698.5724026813))","23876"
"MULTILINESTRING ((731330.320333846 79100.101275632,731328.879336425 79087.5942895675,731331.10183417 79084.6101930921,731331.783235032 79063.5940167491,731313.633555628 79059.8310195718,731308.401862147 79051.1977288659,731313.259268651 78896.6855027858,731322.512259085 78886.519714919,731325.517955833 78885.0841167634))","23879"
"MULTILINESTRING ((772889.179723337 83486.9349824208,772896.52031444 83497.2322717472,772905.093304232 83507.0850616671,772898.966410428 83512.9422547187,772879.92363265 83496.3327713211))","23888"
"MULTILINESTRING ((773734.919151291 82876.6097238481,773725.344962245 82870.7437294677,773702.164885892 82890.417505925))","23890"
"MULTILINESTRING ((743305.372019092 69372.6454564224,743302.917521864 69371.9860569799,743310.717512735 69378.5071502783,743306.143217651 69380.721047479,743290.999133495 69393.9913315916))","23893"
"MULTILINESTRING ((765649.69038671 93372.6206700533,765654.27328305 93357.462787189,765654.377383133 93355.2559896343,765656.051381777 93349.9437956452,765669.668470744 93306.583844709,765671.371073551 93254.9271018437,765687.104461203 93200.3949634191,765726.447122036 93155.6137163757))","23897"
"MULTILINESTRING ((757549.872802575 92292.3757372569,757569.359682199 92279.665753075,757607.556339146 92289.7578452887,757615.231329673 92301.0372334735,757684.192841586 92435.7096903832,757695.332229931 92428.5209993402,757732.265383526 92491.9366323624,757735.263979183 92503.5471197655,757771.335038863 92509.3264165765,757777.570832119 92507.7816188425,757843.597057835 92523.7502070327,757887.224505759 92567.9115619919,757966.474413759 92618.9554125062,758026.927044025 92652.9458802427,758083.920578651 92680.8609544013,758088.368373101 92688.0495468348,758096.825662505 92702.2131318986,758097.363658594 92739.3856907665))","23900"
"MULTILINESTRING ((735162.770335469 76706.8955547711,735156.994843744 76682.8906812275))","23901"
"MULTILINESTRING ((766472.979220471 87312.0546246273,766484.201810317 87287.1797530088,766485.620110607 87265.9340765406,766485.537610915 87263.4145793098))","23916"
"MULTILINESTRING ((766473.630619746 87312.1846245389,766484.630609835 87287.3297528808,766486.131310004 87266.3939760779,766486.189010193 87263.4945792781))","23917"
"MULTILINESTRING ((774781.005944981 80073.2971846249,774789.012334364 80095.8725605583,774813.729707144 80098.8720593284,774899.753702255 80231.2382214748,774903.081097839 80240.6431114491,774918.65687735 80282.5851667968,774959.361525035 80377.3054664205))","23919"
"MULTILINESTRING ((762089.587841397 89556.116965974,762073.426357084 89580.0025381651,762072.865057528 89581.9959359132,762078.21005112 89587.9704297815,762078.546150769 89587.7574300454))","23939"
"MULTILINESTRING ((777109.537586777 80302.1480283853,777125.257172376 80269.5237653977))","23942"
"MULTILINESTRING ((737816.293196345 72455.2272131723,737815.846497057 72452.3530163534,737823.875790267 72423.1527495995))","23948"
"MULTILINESTRING ((730101.850779762 79473.5968609058,730137.695739552 79474.6142625374,730135.581541045 79485.895649694,730131.43174141 79541.1928872186,730132.212540029 79547.7197799422,730131.200440426 79557.2309691721,730093.685382606 79554.8870689012,730082.888694823 79553.222769935,730059.502421118 79551.7751697505,730038.804646109 79528.3204945118,730007.523881335 79525.6548950848,729985.696705972 79523.0956962713,729983.136908384 79528.9627894782))","23949"
"MULTILINESTRING ((769472.978887541 87813.0779346192,769475.213085569 87807.6546407799,769467.66399177 87831.2821141307,769471.368187019 87839.2196057244,769473.220184502 87844.7758997742,769481.782873839 87859.4402843933,769517.643818734 88039.9855889397,769519.892715296 88051.0981769146,769531.005298017 88109.306513861,769419.218717433 88144.0992657813,769390.035146234 88180.2413234626,769333.573004071 88226.067268094,769269.490869736 88277.8727054762,769261.024179868 88268.1360154442,769249.699991531 88276.6027051341,769257.743281876 88286.1805953031,769148.099894219 88374.9748879818,769124.869418082 88393.0723660289,769112.751530567 88402.1211550076,769081.901062305 88425.6690263879,768964.796382728 88515.6274171096,768954.847994579 88504.8324281136,768946.275503182 88513.8283174605,768953.366394508 88524.0941067885,768780.540372449 88654.5338480451,768762.336991182 88668.3980311852,768753.87029995 88674.218824035,768733.709120361 88693.3747011783,768730.216523984 88695.7029983074,768533.922025961 88845.5499161016,768525.232636359 88835.6212262646,768514.276647577 88844.6238153899,768522.214137962 88855.008804658,768360.433104316 88979.8923529357,768345.174820168 88989.842340639,768333.471931957 89001.6674265889,768328.867836562 89006.6874206562))","23950"
"MULTILINESTRING ((767571.291688501 94341.3616769131,767566.279994113 94340.1436777975,767557.263204019 94340.0267771004,767555.13470494 94355.510959843,767555.242904265 94361.5939531498))","23951"
"MULTILINESTRING ((767467.439405557 92103.1789337056,767453.52142074 92104.1625313691,767462.079609775 92121.6470128757,767465.529205412 92128.0658061139))","23952"
"MULTILINESTRING ((773406.065478553 84422.4019002726,773368.974318474 84429.4654893392))","23954"
"MULTILINESTRING ((770516.572261237 84152.4845493258,770516.573861482 84149.6081524872,770513.347065427 84144.738657563,770510.34196899 84141.5286608347,770463.828225538 84075.345529594,770457.482132757 84072.1336325811,770446.24284637 84056.7496485289,770380.695625284 83972.5231354989,770336.056576979 83939.1982683191,770281.832438015 83919.3649854973,770165.116365063 83927.5967665136,770116.563618636 83922.5911678804,770074.815866521 83896.9015925634,770010.165345338 83802.2765910662,769942.70292302 83757.2124348644,769933.895631222 83774.1338155156,769922.094744744 83767.0469223023,769916.306451485 83762.2866270433,769910.289857642 83767.3722209417,769908.396859749 83766.928621268,769909.288758922 83765.159023289))","23957"
"MULTILINESTRING ((769126.192667847 88947.2673563644,769132.449664062 88912.4227952572))","23958"
"MULTILINESTRING ((760833.825861542 89123.9652337042,760832.929361053 89140.8868149161,760831.684960547 89162.351591075,760849.390640934 89163.6877911445,760893.36739039 89187.9324681804,760908.292774024 89187.171470326,760932.193641567 89257.4325947334,760943.539427001 89281.1114695456,760959.29040047 89386.2133547234,760973.190882695 89414.4279247466,760982.767772186 89413.9884260703,760988.661264845 89423.7277158182,760980.312873449 89430.4732076296,761021.355721464 89508.0416254666,761037.81820012 89544.7788862924,761039.150398247 89549.4252812725,761029.427603796 89608.2713153615,761030.723096433 89675.9788406185,761075.223024227 89940.396752189,761083.013915182 89945.7050470042,761089.131107581 89955.5558366508))","23959"
"MULTILINESTRING ((774465.468314727 85658.0111365104,774465.701215806 85642.636353389,774469.937712351 85629.1368685583,774474.154022592 85457.8822567059,774472.823524706 85450.2496649597,774473.727924954 85435.9786806865,774477.305824228 85399.2498212683,774492.279014871 85318.4982111082,774494.631713748 85301.7893296313,774496.906719223 85209.7449307517,774488.567630655 85182.8572595103))","23963"
"MULTILINESTRING ((725181.446479272 67372.0158126659,725180.550680284 67371.9042127294,725180.111880753 67372.2377123237,725179.7757811 67372.6826117996,725170.311991564 67374.7834087811,725144.814619886 67378.6395026774,725132.687936159 67339.9313454123,724821.598481967 67383.7189746153,724686.532031628 67409.9867357066,724674.174445195 67414.1908301195,724668.940251257 67411.4170328803,724670.387049703 67410.4256340961))","23964"
"MULTILINESTRING ((766395.418894679 87437.5792795775,766394.792196678 87422.5022961363))","23966"
"MULTILINESTRING ((766392.945097223 87439.5588771817,766391.96389956 87425.06179307))","23968"
"MULTILINESTRING ((773408.158673798 84451.1684688938,773385.45189932 84442.8652760542))","23970"
"MULTILINESTRING ((734297.152445512 73462.6727249516,734303.172938947 73460.5800277424,734306.065935692 73460.9150275823,734307.51273411 73460.4705281861,734318.199722379 73457.8237319464))","23971"
"MULTILINESTRING ((774062.777275231 81907.8695137973,774069.322965538 81938.0757812338))","23977"
"MULTILINESTRING ((775074.513812148 83774.7148535065,775093.007692178 83772.1844578629,775092.688495066 83742.5285903351,775094.247793411 83741.9823910673))","23983"
"MULTILINESTRING ((735180.270587934 73086.6612115971,735181.493786683 73085.1135134207,735178.04059051 73085.4458127926))","23986"
"MULTILINESTRING ((734677.438794783 75153.7737583072,734678.5591936 75152.8934593776,734680.892991127 75151.1238615363,734682.012889867 75151.2354614953,734692.362478266 75151.9076615211,734692.586778058 75151.3513621603))","23987"
"MULTILINESTRING ((739736.62096681 72345.5471778292,739736.733366783 72344.221479318,739782.15151527 72357.517267831,739786.71020933 72369.2378550768,739785.04561059 72377.2009460581,739784.036411508 72379.9727428872,739783.47551197 72382.1790403811,739762.10503612 72377.0798444943,739757.54234138 72374.6489468721))","24000"
"MULTILINESTRING ((770217.401797564 86374.8768809852,770210.157805437 86375.5402796275))","24001"
"MULTILINESTRING ((724885.630391855 67648.2998811567,724887.300189851 67650.1730791646,724889.295687322 67654.3825745631,724880.052596928 67665.3272615986,724878.04489892 67669.0902572233,724875.598701471 67671.8518539459))","24014"
"MULTILINESTRING ((732858.740052628 78739.5607985796,732896.046111617 78730.7241113794))","24015"
"MULTILINESTRING ((766473.968719369 87312.2546244919,766484.968609451 87287.4596527667,766486.848709161 87267.0338754359,766486.791009526 87263.5644792537))","24020"
"MULTILINESTRING ((766474.521218754 87312.3646244182,766485.298509078 87287.5796526645,766487.261008678 87267.4037750635,766487.137309141 87263.6144792279))","24021"
"MULTILINESTRING ((762933.303173609 87717.5797702379,762931.297676026 87715.1491727496,762957.489950192 87680.8745128618))","24029"
"MULTILINESTRING ((773878.059965066 85556.9910963704,773904.812339838 85510.8726492742))","24043"
"MULTILINESTRING ((721447.904591592 71348.5898686676,721447.775688647 71391.9463197292))","24047"
"MULTILINESTRING ((731736.969284932 79023.0790935817,731735.952184513 79043.2054709035))","24049"
"MULTILINESTRING ((775578.061140832 79286.5720125401,775540.639080525 79300.0535946767))","24054"
"MULTILINESTRING ((775573.276546708 79278.6036208701,775539.633381996 79295.5090995708))","24055"
"MULTILINESTRING ((734491.452237273 76016.1963777543,734490.566738436 76013.8782802857,734490.567238538 76012.5432817814,734468.543666568 75967.0785310703,734450.16418649 75974.9229208878,734448.493488323 75975.3672202626))","24058"
"MULTILINESTRING ((774606.478839139 77601.8784777797,774625.743319116 77589.712892679,774635.5383074 77602.3295796573))","24059"
"MULTILINESTRING ((766011.399505634 92084.2580236218,766010.054405601 92101.0686049637,765998.417110438 92189.4578064488,766013.564693556 92192.2303047549,766012.326994081 92201.520794399,765997.07521087 92201.0663935277,765970.670622156 92397.9738740125,765970.429719929 92425.6248434985,765967.188421756 92444.8728219803,765961.148024066 92492.8830684925,765958.362626568 92499.0754614118))","24062"
"MULTILINESTRING ((767112.449952636 91462.524607736,767112.696052097 91465.5181044592,767114.037450361 91468.4778013171,767121.895538877 91500.3865668602,767153.48679716 91579.0472830132,767143.961805399 91603.7328549586,767125.388022095 91644.8492079857,767128.483612853 91710.0161364526,767131.023607281 91741.0518024812,767147.692387306 91759.7842833354,767184.99864263 91801.3768408521,767208.017408029 91905.3581283402,767258.235447434 91966.3711656239,767300.992095763 92019.1820112783))","24063"
"MULTILINESTRING ((763314.182624423 91475.850353685,763315.408023143 91475.0766546477,763317.746520562 91475.1886547327,763334.786202076 91472.3225594176))","24074"
"MULTILINESTRING ((774627.613622587 81147.6891945388,774617.468432525 81161.1853788969,774591.529461266 81156.0800823152,774611.713143738 81102.4272428059,774617.750941118 81055.0816951967,774637.71072244 81018.0369374661,774659.780801552 80979.8806811284,774674.269487295 80961.295902708,774697.598469091 80874.6878995667,774703.399864846 80849.7924273345,774715.566356318 80793.047190532,774720.040453259 80771.257614783,774747.280133526 80651.78744797,774762.765017792 80637.8582645259,774755.756127124 80617.7130860147))","24076"
"MULTILINESTRING ((772972.433292458 79191.0909018242,772973.092991657 79192.0707008048,772977.702386125 79198.0994945726,772981.347081763 79202.7284897971,772984.430978028 79207.1575851936))","24077"
"MULTILINESTRING ((767026.697326771 91685.3967544504,767009.336247305 91668.8992710726,766973.673782825 91709.2603233959,767036.339509281 91762.4032704532,767060.07578589 91732.7634052484))","24080"
"MULTILINESTRING ((773598.389154021 81054.4127105218,773606.840542857 81077.53958587))","24085"
"MULTILINESTRING ((769711.249369738 85006.7576414436,769716.14946438 85006.649841983,769716.483263969 85007.2031414038,769716.472362328 85026.4527202371,769718.361059578 85034.4191116418,769728.936647389 85041.5055047559,769740.943931194 85077.0244667355,769751.859119438 85074.7074702201,769756.085213939 85084.8877593894,769762.320306911 85087.2145573666,769831.721834079 85050.4142037816,769844.522119047 85062.2588918599,769850.309112104 85069.342484568,769839.614723319 85075.0891773321,769839.391523487 85075.9740763397,769839.501923216 85077.7442744024))","24088"
"MULTILINESTRING ((770439.630980006 84917.3397022219,770446.991373496 84899.3111226668,770438.085583775 84893.110828716,770433.525489649 84882.819539636,770449.255276549 84834.8148937409,770485.047944051 84756.9513823799,770505.777823752 84729.0843147804,770516.477713366 84713.6021327102,770514.251315934 84712.0520342223,770513.582716611 84712.7154334385,770514.919115148 84712.7162335498))","24089"
"MULTILINESTRING ((770745.470249565 84867.5086832239,770731.780665817 84852.6763983467,770721.862675705 84863.955085102,770712.173286232 84864.834583305,770529.391398511 84722.01742457,770528.945598943 84722.6809238023,770529.279498548 84723.0130234665))","24090"
"MULTILINESTRING ((770949.82119148 85268.5537601362,770928.545914486 85271.7500547934,770901.370743918 85275.2674485868,770885.108961563 85277.029345252,770884.226163127 85270.0648528289))","24091"
"MULTILINESTRING ((767415.220596449 87200.9887288182,767394.960819439 87192.1215368245,767367.68265027 87181.5997460409,767292.199836473 87142.2861827787,767263.691467549 87144.4766778893,767258.900372413 87149.0082724837,767244.976986799 87159.18166007,767126.248614855 87184.2237221802,767057.398886201 87232.3095632367,767012.521735769 87228.4076636375,766998.156851634 87227.1846637361,766992.474758233 87222.9807678723,766961.188792966 87218.2058704166,766826.962634773 87280.9604896295,766812.68734857 87302.4185647519,766809.904351413 87304.8463618352,766809.016452212 87306.839459563,766760.975998368 87382.2637722987,766514.946464661 87424.3776045122,766507.038073021 87428.0263998056,766482.544199777 87429.4495961082,766400.352789505 87434.8174830505,766379.179410858 87456.494057325,766355.907636179 87459.0213525172,766351.333841196 87459.0186521215,766347.553045288 87459.6841510599,766336.867357322 87456.1358540409,766336.306357785 87457.9065520414,766332.405362182 87456.5783531665,766319.709875979 87458.1195503631))","24103"
"MULTILINESTRING ((722355.250626866 69155.1325071469,722360.476420948 69155.7928067675,722364.044017451 69148.4984152421,722378.522101921 69137.9915281029,722411.1604677 69103.1664696544,722422.634255663 69091.0082841667,722444.123232703 69074.209704612,722459.275816882 69057.0655250018,722528.219844276 68987.9730077266,722532.336539893 68984.5446118796,722589.694179329 68929.3807780842,722623.331344013 68894.1111201989,722674.900889569 68844.4700797657,722695.391467767 68827.1148007621,722715.556646534 68806.8856249756,722742.620618004 68780.2345569089,722774.585484259 68749.3953939063,722815.018041602 68710.0400410923,722836.173719527 68685.9362697391,722846.649408665 68672.9989850531,722859.233395336 68661.4993988943,723003.690842635 68525.1888626102,723029.083915874 68500.0947926626,723034.210610734 68491.2435029971,723083.211258682 68448.6839543783,723156.831380934 68378.2578388763,723171.199265855 68363.1157569405,723233.570900142 68301.2046310531,723264.08806776 68274.2304635744,723447.086775102 68090.5908832283,723510.017908687 68029.7831561157,723538.640678443 68002.6967886215,723554.230561872 67989.3258047697,723644.889066306 67900.2169114546,723650.576360652 67889.7159236806,723669.172941035 67871.5809454018,723678.424531284 67862.5180562542,724102.553084228 67445.4957553744,724113.35457289 67434.2177688219,724145.206939131 67405.5845032729,724183.408098781 67369.3241467497,724196.776784712 67355.8316628697,724198.111883306 67354.5064644546,724213.039767596 67339.4755824127,724216.382364137 67335.2680873827,724220.3888602 67327.1951967527,724225.850454492 67321.1160039746,724229.966249904 67320.6726047584,724230.862348953 67319.9034056879,724236.986642525 67313.4907133311,724238.09714128 67313.4911134086,724244.781334201 67307.412320716,724246.78853208 67305.531122973,724249.011129878 67301.3325278546,724256.14272219 67296.7926334605,724262.49121556 67289.6106419873,724270.510807138 67281.3166518795,724273.517204009 67277.7765560755,724279.752897365 67272.6987622239,724288.220188407 67264.8498716481,724298.574577693 67251.801187056,724307.041368645 67245.2780949871,724317.953956985 67236.874005205,724337.782135934 67219.6294259927,724356.714115838 67203.0425459767,724381.220089973 67179.4959741841,724390.238180442 67170.9891843857,724423.211445643 67139.259822388,724438.802229231 67123.6637410266,724837.201409139 66735.3948056086,724852.789992329 66725.666717632,724855.134190017 66721.0232230199,724888.093354336 66702.4484461954,724900.579940066 66706.3626426474,724983.184248082 66697.0730587794,725404.538564188 66864.343299477,725447.506714689 66883.7065806444,725489.914065672 66905.1833593931,725509.509543295 66911.1608540165,725526.211724061 66918.5833468132,725575.524467224 66941.2677246827,725662.580767005 66979.5683875838,725725.359294922 67004.482863877,725752.194063916 67017.9813505379,725773.011440001 67026.3974425041,725776.342836222 67027.0568419921,725788.705121816 67035.0247338795,725806.070401965 67040.6769287183,725808.627299047 67041.4473280268,725809.961497519 67041.8928276184,725839.129363897 67055.4015144295,725985.073396102 67116.7242555098,726014.01686265 67131.4471409441,726019.690356196 67132.8861397185,726045.405726549 67144.8361280494,726070.795397432 67154.4683189652,726215.283531214 67216.7919588416,726483.797922503 67330.2610497852,726523.760276237 67351.8391282823,726607.9153795 67387.2653942687,726659.457519941 67413.5016683323,726690.847083923 67425.7875566917,726694.971579257 67426.4565562244,727143.26286361 67620.9443686409,727332.287046148 67703.8571885666,727402.306165685 67733.3082603285,727410.872755992 67734.7484593044,727898.57679484 67950.9371502899,727996.867781761 67994.4443082547,728253.802286233 68107.5781990744,728454.519255491 68194.4739154782,728472.994834324 68201.4525089319,728519.749280119 68228.234482114,729297.780686163 68561.0057629238,729336.848941224 68578.4958460297,730362.800961871 69030.4868109495,730408.887109049 69048.7494937139,730555.717640133 69115.8340288177,730570.750322974 69120.818324287,730968.726166025 69290.7489618177,733870.016232067 70595.2796068257,734040.671136146 70670.8972344329,734441.99567496 70855.5514566146,734449.449266057 70863.6294481051,734496.963008264 70929.5646776906,734759.974138751 71973.4602275273,734762.973234354 71987.8407116388,734767.199729419 71990.8277086039,734769.422125529 72010.0749872058,734784.645803989 72072.2424186865,734791.548195616 72081.4235089075,734796.323188068 72111.7318753074,734870.141385494 72387.1723721988,734876.921675497 72420.2443356533,734892.814952819 72487.5019614855,734965.730150067 72778.0910413656,735034.119239472 73242.1086266674,735040.541826112 73325.7347334713,735042.769923224 73331.1498275716,735068.998386463 73432.2599162595,735071.098180872 73476.0564673598,735137.725976051 73886.1080130023,735139.27217216 73915.1914805395,735144.936462509 73959.8795309056,735162.924233392 74081.2244963246,735160.019936312 74085.5341912798,735151.136330272 74299.1130513731,735146.336433528 74327.2017195507,735166.329784303 74686.6794183617,735170.545075841 74736.7903625429,735178.079861564 74814.9934755058,735192.301640654 74882.130201364,735205.712914465 75031.4528350987,735202.245715909 75063.6398987798,735204.219509681 75117.180138951,735212.152786463 75307.8671259322,735216.495580542 75322.1369102736,735220.715974573 75338.8356918848,735309.729963799 75490.6298285582,735324.970045167 75512.2006055449,735340.320226091 75537.9804778268,735346.336918877 75544.6210708419,735352.453911141 75556.6758578008,735530.238188144 75882.2741065349,735541.477274439 75897.6501901638,735544.033871494 75898.865788994,735556.838157184 75899.2052895853,735563.295849887 75900.422588712,735675.106329139 75847.8226561041,735688.587314879 75837.547068635,735712.642888924 75825.9412834558,735746.938351882 75809.9178040024,735944.958338694 75708.359032741,735951.968131036 75706.2577356262,735968.676712909 75699.52514443,735972.018609315 75697.7557466649,736002.08567687 75683.3898650286,736012.77346526 75679.2968704218,736000.206981669 75647.6590048977,736009.44917185 75641.2475127775,736029.724950103 75629.7605271757,736036.849042702 75622.5695357672))","24105"
"MULTILINESTRING ((764004.834932648 88441.6889641345,764005.613031581 88444.1232615166,764005.612531503 88445.0082605391,764005.50023149 88446.5569588194,764004.825231199 88458.3934456986,764004.371730483 88472.3320302775,764003.702931121 88473.4379289995))","24108"
"MULTILINESTRING ((775018.403544014 81767.0127487725,775016.16934598 81772.6495424084,775001.022661685 81782.3780304725))","24109"
"MULTILINESTRING ((763935.236458587 90156.456965496,763934.346159645 90155.5714663945,763933.900860153 90155.3499665994,763932.675561463 90155.791666004,763919.211877876 90137.5305849711))","24121"
"MULTILINESTRING ((732690.430622421 77678.1226767352,732686.545029398 77643.7264150341,732657.929561043 77648.1358078957,732620.640805009 77618.2487385796,732601.040624989 77643.4657087791))","24127"
"MULTILINESTRING ((761144.355468108 90847.8614549721,761141.894870066 90856.3547453617,761140.660071031 90860.8240403107,761140.387171255 90861.6827393391,761139.535672207 90861.5309394304,761137.954973969 90861.2512396004,761137.225774783 90861.1351396636,761135.57667662 90860.9154397613,761132.199780405 90860.1733402831,761130.548182255 90859.8096405386,761128.296284792 90859.1665410514))","24134"
"MULTILINESTRING ((761137.868374069 90861.2369396082,761139.763572032 90860.6429404324))","24135"
"MULTILINESTRING ((766171.315163029 90596.0349787713,766170.871163225 90599.290075144,766170.64706346 90599.4011750014,766163.169868809 90631.59133885,766147.762980746 90687.5613757748,766122.343604131 90738.434617429,766089.703837461 90766.6225834461,765997.144337464 90784.9363550168,765955.483681501 90804.1521301223,765889.077348418 90871.5989498436,765786.845260056 90878.7333328725,765682.033172569 90907.8700914105,765635.467921359 90934.2879581312,765612.964044806 90948.5451404047,765568.392089381 90997.7468821722,765537.522120225 91032.1298415024,765519.591338531 91047.7157227161,765507.219051459 91055.1264134395))","24137"
"MULTILINESTRING ((772435.533995355 84933.1925563182,772435.199495653 84933.9667554394,772428.625602364 84939.4946488046,772423.840808186 84932.6327559254,772316.391528692 84897.390285369,772286.766360865 84899.9178800459,772279.976268785 84894.1610857823,772236.757314755 84909.0716656939,772215.037838076 84914.0376583743,772214.040439898 84905.5184676426,772214.485839412 84905.5186676803,772211.927642695 84899.8750736555,772195.330960394 84905.0652665309))","24146"
"MULTILINESTRING ((767489.435323446 91635.5580508802,767464.719850824 91632.6686518461,767440.21647756 91634.313547835,767391.476637098 91566.8062178391,767398.508131177 91546.781340533,767400.962328384 91547.8955395249))","24159"
"MULTILINESTRING ((731290.217056097 79392.1834444534,731321.628923964 79353.3720904826))","24163"
"MULTILINESTRING ((773993.510701029 82497.6128613613,774009.773684936 82477.9349843144,774109.970686361 82349.9843330793,774185.753311015 82262.515835383,774216.179781255 82221.6010828081,774226.304069584 82228.9047756579,774287.601208982 82154.1508627881,774303.310493048 82139.7768798724,774312.884182005 82146.75567303,774324.251670632 82134.484287443,774320.249475385 82129.947492077,774396.140000712 82033.1779045623,774446.736850005 81979.5514676154,774454.652342699 81963.7357856183,774538.54825727 81890.8766725543,774547.133148832 81879.8186854001,774598.478793354 81873.096297099,774601.362390195 81873.2394971842))","24164"
"MULTILINESTRING ((740251.284132278 70469.0637112034,740251.947231628 70467.8494126067,740261.524721301 70463.431018239,740264.867317808 70460.335921938))","24165"
"MULTILINESTRING ((773098.418524383 84309.604597634,773096.635126257 84310.4937965052,773096.183326172 84317.2350890689,773099.407221785 84327.3074782939,773103.081717258 84333.2814720538,773103.068115204 84357.4007455882,773102.278115194 84367.5821343489,773105.953110752 84372.5639291987,773103.830912587 84378.2006228307,773102.82981333 84382.2896182596,773096.81902002 84380.8489193246,773096.372020671 84378.9754213411,773088.691429349 84375.6513243307,773085.565931616 84389.0305093809))","24166"
"MULTILINESTRING ((766366.002323281 94215.2713058082,766376.915111465 94213.3956088728,766386.950001928 94197.1375277162,766391.749998332 94178.7713484062,766422.20587292 94090.6255483826,766423.659072275 94080.2225599875,766421.656275049 94073.9158667588,766430.487869695 94026.2411201345,766429.925269937 94030.3394155628,766437.942160962 94032.2267142114,766441.507356987 94032.8872138095,766447.961749194 94040.633905856,766448.185748947 94040.6341058759))","24167"
"MULTILINESTRING ((775346.124386311 80578.127478742,775332.880401625 80567.7534889978))","24186"
"MULTILINESTRING ((773724.247186308 80219.0934368886,773731.146277873 80229.9392255712,773735.153573192 80233.5923219003,773741.163866069 80240.3441149975,773744.836561689 80244.77151045,773734.800670706 80268.1095840277,773746.036456521 80291.1272597276,773756.273844035 80306.8427433512,773767.177530518 80326.2094230268,773775.190820949 80336.0601128953,773790.3251026 80357.9735901315,773790.6603024 80355.9823923428))","24188"
"MULTILINESTRING ((773722.710028286 78521.7623974195,773787.433659801 78495.3591316748,773886.646348809 78528.1553038765,773886.531048438 78534.2383972003))","24189"
"MULTILINESTRING ((736746.195303024 74943.7572492773,736730.94962232 74913.2212823044))","24196"
"MULTILINESTRING ((770389.557557156 85819.4846063892,770393.25995263 85824.9635006866))","24208"
"MULTILINESTRING ((770387.850658922 85820.6644049446,770391.619054327 85826.1032992913))","24209"
"MULTILINESTRING ((770385.385161475 85822.3640028634,770389.409156612 85827.6529973984))","24210"
"MULTILINESTRING ((770413.115929467 85841.4901842364,770414.558927754 85843.0297826685,770417.68412397 85847.2189783353))","24211"
"MULTILINESTRING ((775129.216809327 80740.8925822977,775122.611917195 80732.96419043))","24212"
"MULTILINESTRING ((775177.850356052 80743.4592835577,775193.731439313 80736.4327925828))","24213"
"MULTILINESTRING ((775193.629539306 80737.853991019,775182.732450824 80742.252285288,775177.809656 80744.6374822626))","24214"
"MULTILINESTRING ((769064.045834128 87829.6502806009,769070.831326613 87830.5444802114,769081.417015054 87830.1054816199,769117.943675202 87828.1331869864,769130.526861453 87827.6953885679,769132.533559224 87828.0304883759))","24215"
"MULTILINESTRING ((720734.721977805 72962.2585959574,720734.057179837 72944.4503160161))","24216"
"MULTILINESTRING ((764775.782021 94758.5593612052,764775.987919499 94772.5054458303,764774.533219926 94785.3378315324,764770.465615081 94887.2226186969,764782.461798068 94929.0400736336,764900.694563783 94976.1349324713,764912.945149598 94983.9966249155,764914.95144729 94985.1012238787))","24222"
"MULTILINESTRING ((766986.833419223 90017.6548886115,766982.389525373 90003.2704040663,766971.711339904 89971.5142381116,766905.262417255 89921.4761873594,766854.384876371 89884.382923726,766811.409524869 89869.3078365327,766624.325230486 89865.9885236326,766574.558587031 89844.2794431534,766526.365043969 89798.5642892725,766513.349260488 89773.334915927,766512.709764643 89734.2779589151,766540.699240314 89661.9489411011,766537.039145552 89648.1119560267,766536.481146477 89644.5785598721,766536.145746935 89643.576960945))","24234"
"MULTILINESTRING ((769259.303327034 90019.3464884835,769274.549209372 90030.0843780239,769286.575995405 90038.9471693409,769273.199708665 90054.6474508766,769267.959513878 90060.6159438422,769266.072215689 90063.4894405131,769242.329439527 90088.0389113865,769196.232390854 90078.9425172964,769145.663244193 90102.3631870251,769143.314345901 90112.098276103,769140.754148314 90116.51977101,769085.606405984 90147.6805318106,769068.118924511 90154.8659223468,769009.627984223 90204.2827627587,768948.582748609 90232.6766260743,768859.682141896 90279.4139667191,768843.52735867 90289.9197537184))","24235"
"MULTILINESTRING ((764758.877757449 91236.7648463684,764753.630360198 91270.6159085483))","24237"
"MULTILINESTRING ((764646.091950513 91582.8520544095,764615.355284355 91582.1659524211,764613.209682738 91626.6361031561,764613.3168819 91634.7124942515,764611.851880781 91665.2462604254,764640.357149312 91666.8118612462,764640.580648997 91667.5816604168))","24238"
"MULTILINESTRING ((767952.19302294 91555.6387804398,767954.202720637 91556.7318794162,767967.326704842 91572.3286634152,767996.713769395 91608.1034266504,768030.10022752 91666.6087652113,768029.629726882 91679.4776509973,768027.839027683 91692.4213365791,768027.726827786 91692.6438363242,768026.503828046 91704.6844229535,768026.116528129 91708.4970187213,768011.082944587 91708.8681169608,768010.638345545 91703.6022227196))","24247"
"MULTILINESTRING ((767021.771926764 90626.9030204122,767029.442016563 90646.9365990199,767011.271234181 90673.0285686509,767008.263237127 90677.0139639927,767001.14144498 90676.5646638532))","24252"
"MULTILINESTRING ((774641.902246318 80678.1675102521,774627.884463539 80655.1530342994))","24256"
"MULTILINESTRING ((734697.72741388 74597.6609829752,734697.279514423 74597.1046835659,734692.604719779 74595.2298853162,734691.277522535 74578.1894043105,734721.91079055 74548.7863395509,734724.259990711 74511.6204813689,734724.595990335 74511.6205813937,734723.709991424 74510.294482814,734722.590492746 74509.3020838423,734722.040493453 74508.0779851718))","24275"
"MULTILINESTRING ((758038.666273218 91050.4970564144,758026.772990259 91006.0207046292))","24276"
"MULTILINESTRING ((774142.892975681 84399.2604889389,774128.96789127 84394.8291926025))","24277"
"MULTILINESTRING ((771445.046180022 84915.699690352,771432.003592369 84938.0397646936,771445.807676459 84947.4512555434,771447.362374093 84955.1963471695,771407.907812613 85009.1617845041,771317.186701509 85129.4765445431,771310.614308434 85132.5704405803,771301.261218923 85129.5781430621,771300.815419354 85130.2416422947,771301.372218754 85130.1313424628))","24278"
"MULTILINESTRING ((772467.859731453 84100.4848731264,772462.736637017 84100.9244722059,772333.081075172 84142.7804151727,772329.850878617 84143.7742138051,772322.506487526 84133.4813244758,772315.378895311 84133.5879237509,772317.265492245 84145.3159110359,772190.397827904 84180.8673611564,772187.728631361 84174.5598678534,772136.157386511 84189.0233475646,772110.429414319 84192.7702412498,771977.881456084 84229.7566893038,771974.883660746 84213.6028067823,771963.185472827 84221.8934966787,771955.489079425 84243.1303727037,771957.822976144 84251.65036355,771926.180008541 84277.4095325594,771863.788372823 84323.5074766028,771821.791316997 84343.9504505607,771813.993125139 84348.4818449181,771769.435372223 84367.7064199939,771727.432415497 84398.7699822865,771727.65451516 84399.8764810904,771685.984257853 84433.4847406156,771675.175568757 84444.209827912,771678.401664697 84450.407021383,771667.036576274 84460.3574094827,771661.581682555 84456.7034130272,771635.844709009 84476.4917890916,771624.147921308 84482.2379817798,771611.557634206 84492.4089695316,771500.583747647 84585.0548582728,771508.039238572 84595.7902471228,771498.568648277 84603.4184379309,771491.89165633 84594.6748469619,771340.810811391 84713.6279033557,771231.954322727 84803.9514948,771239.299413921 84812.9167855814,771231.721121406 84822.3161746053,771223.151831665 84812.0225851789,771139.813517385 84875.5879081955,771102.042456022 84906.874870582,771083.658374822 84922.1315522421,771046.108713013 84955.8525119716,771032.630327303 84961.1551049886,770969.134994283 84990.2147676061,770969.691393608 84990.9895668038,770966.793996492 84994.306862909,770961.115402879 84992.312264613,770961.225502557 84994.6355620702,770933.37753206 85005.9040472967,770904.747662078 85021.15472808,770897.336961068 85127.2453108792,770887.535671631 85129.1205079756,770885.081273653 85136.8631992584,770896.885260622 85138.1974988074,770885.010863126 85260.1058638385,770885.008262748 85264.531058977,770877.610763718 85347.2785674198,770867.142275157 85347.493866281,770865.132976649 85355.6793571135,770876.491164038 85357.787855775,770869.651264519 85439.0975658449,770833.305198172 85510.1015846905,770783.384648503 85559.9674255915,770778.370853637 85564.0578206648,770757.422474817 85584.2912966247,770746.610985304 85599.8839785561,770729.001402507 85623.8807506665,770732.785097945 85628.7506456425,770742.24668692 85636.5002379416))","24300"
"MULTILINESTRING ((773600.931249856 79871.1972080574,773600.37025034 79872.745506313,773600.255950099 79877.1688014539,773597.468552285 79887.4603899392,773595.010554523 79892.8745837995,773588.762059382 79916.5454573274))","24301"
"MULTILINESTRING ((769573.029103026 84047.8512839128,769569.905305599 84057.8061727021))","24303"
"MULTILINESTRING ((735543.92246313 73345.4184487561,735545.369861656 73343.5372509693,735549.484956962 73344.975949664,735583.241222501 73301.9641003319,735585.936122342 73263.583643509,735633.026669387 73269.4630404171,735633.138769279 73269.2405406744))","24320"
"MULTILINESTRING ((735137.623065859 76676.3552870738,735155.879545789 76672.3861929129))","24323"
"MULTILINESTRING ((764632.248661428 91630.9593000851,764613.204581983 91635.1574937506,764611.851880781 91665.2462604254,764642.027247358 91668.138859931))","24324"
"MULTILINESTRING ((760873.428426268 92424.6572871943,760866.303534407 92421.4449901104,760845.720759827 92390.6793222981,760830.253778605 92371.2003424598,760827.360182051 92368.3224453852,760742.801586093 92246.3650727224,760724.450509727 92208.0785134331,760718.666417078 92197.1233250345,760714.886322141 92187.0543358341,760716.000120942 92186.7231362997,760722.79531383 92182.523441552,760726.805209572 92180.7559438645,760732.820003173 92178.215147212,760921.310806735 92052.7697027724,761037.400287173 91959.6936160578,761088.981133723 91922.0016623368,761110.474810306 91919.1381674181,761110.36341043 91919.1381674087))","24328"
"MULTILINESTRING ((775577.446934985 78153.0187536882,775574.119240802 78126.3470826187))","24329"
"MULTILINESTRING ((760008.429600711 89923.6230770819,759999.507808521 89946.6274508502))","24332"
"MULTILINESTRING ((776398.6267249 80740.7551888072,776376.479251152 80715.6308144546))","24335"
"MULTILINESTRING ((769520.118314945 88052.2798756347,769522.379812507 88051.838976318,769523.91441013 88059.7764677221))","24336"
"MULTILINESTRING ((778498.341775645 77874.5633984054,778503.678869416 77879.6480932885,778503.448068647 77892.0465797172,778495.63097375 77933.4204338522,778451.474413082 78039.4941142731,778434.433032355 78030.7400224392,778427.966238345 78043.4597080023))","24337"
"MULTILINESTRING ((775302.275049234 81589.6068670716,775300.495251663 81583.8472732304,775285.534179735 81444.3324248085))","24340"
"MULTILINESTRING ((719742.077458111 72076.4231251618,719783.708909873 72095.9066061283,719739.929255093 72152.4091391666,719719.451779253 72136.7996553364,719710.101289783 72136.6846547973,719701.639599739 72130.6002610656,719662.903845243 72103.8221885498,719664.136443974 72102.163390512))","24341"
"MULTILINESTRING ((774632.1869662 82939.8475307642,774651.100242863 82971.4982976807))","24342"
"MULTILINESTRING ((766377.146021883 87355.2759686796,766380.048518719 87355.0460691847))","24360"
"MULTILINESTRING ((775203.056250183 80484.8325689758,775203.056250186 80484.7925690189,775198.428255551 80480.9865728015))","24361"
"MULTILINESTRING ((770355.55980091 85743.7599866855,770358.346897474 85748.2391820028))","24363"
"MULTILINESTRING ((775230.831422168 80457.4421013005,775229.665323459 80457.251401412,775228.962624178 80457.8001007511,775222.675030414 80465.2484920669,775217.488435626 80470.6073857631,775215.121937996 80473.156882774,775211.831141275 80476.8641784379,775208.475744644 80480.3553743332,775205.878347233 80483.2948708946,775205.190247821 80485.2225687259))","24365"
"MULTILINESTRING ((761434.356446005 89744.8006999525,761434.021246511 89743.2520016359,761427.126355934 89722.3388241466,761428.135054922 89721.2267254646,761427.799655369 89720.3456264082))","24368"
"MULTILINESTRING ((763051.671591476 89459.6589569614,763051.224492102 89458.110358633,763051.224592141 89457.674559115,763050.898792635 89456.125860796,763051.449792079 89455.5697614584,763051.013192866 89452.0274653308,763051.116192805 89451.4803659437,763051.788792143 89450.590666986,763051.905692751 89442.1805762835,763042.392412784 89333.1028958991,763046.072609116 89328.7933009812,763047.741307395 89327.4594026002,763047.382808023 89324.8367054646))","24369"
"MULTILINESTRING ((763679.349992533 90691.8442518326,763675.120797557 90687.6379560997,763659.662817694 90652.2286938222,763579.746311499 90585.2529606859,763536.569163514 90534.0079134419,763518.104687003 90498.0437515143,763451.557367017 90420.7880309248,763451.593872454 90358.8378993282,763451.826873732 90341.4699185259))","24370"
"MULTILINESTRING ((773009.711263828 82636.7996254026,773020.964352245 82628.3951355752,773054.834017109 82606.2884626953))","24373"
"MULTILINESTRING ((777299.488945657 77085.9730623296,777296.258649137 77086.4164615826,777286.345860089 77084.5286628372,777263.856684478 77085.8429595647,777253.02629314 77124.228816698,776939.3142385 77079.8105396741,776924.844955725 77061.8775581107,776911.151970906 77058.6618605128,776905.029077721 77056.8873619528,776868.942117451 77051.7771646003,776864.805118835 77090.0554223871,776860.454823548 77090.3869216706))","24394"
"MULTILINESTRING ((763512.829037261 88856.2499635909,763515.182336909 88830.6967920033,763532.700422862 88771.0799593467,763534.746726925 88698.8427392652,763534.080527968 88695.3023431145,763532.192930873 88685.7874534541,763530.856032255 88686.7823522385,763500.899765112 88687.6499486627,763498.89486726 88688.312547758))","24404"
"MULTILINESTRING ((768571.360599423 88680.7805007546,768568.582501924 88686.9981936671,768561.306410142 88684.220096084,768549.400123542 88680.2512994042))","24416"
"MULTILINESTRING ((729826.6015192 77765.5501595907,729836.175808371 77766.9913587007,729834.397911137 77756.8206699964,729845.206299308 77753.2840747967,729860.673580987 77766.4551611729,729915.007620328 77764.2634677824,729979.47604825 77763.077574037,729984.487842692 77762.4123751664))","24419"
"MULTILINESTRING ((775049.193688627 79637.1106847706,775044.392492001 79659.5678597725))","24420"
"MULTILINESTRING ((775021.7081725 78986.1252955722,775020.14997432 78984.6870970196,775018.814775731 78985.2333963109,775018.702875873 78985.0108965447,775015.136179646 78986.4554946673,775003.101492482 78989.9820898122))","24434"
"MULTILINESTRING ((757564.857812068 93121.7138195486,757552.948026617 93105.9905359072))","24435"
"MULTILINESTRING ((766395.58379587 87421.7924969877,766396.350593749 87436.5294808159))","24443"
"MULTILINESTRING ((731518.609221879 77817.9578300312,731495.67964756 77817.5026287878,731493.677750596 77807.1000403158,731494.475452063 77776.2474750234,731504.377140982 77776.3631756498,731503.043342617 77774.4806776614,731504.725542723 77748.4863069796,731479.89927017 77752.6842003669))","24448"
"MULTILINESTRING ((767129.589078617 86405.5204800884,767128.917179376 86405.2975802747,767128.803779281 86407.8381774669,767127.80318013 86410.712274217,767155.749447929 86428.6523568725,767144.81455785 86452.6532294964,767142.019258871 86476.3249031846,767144.582855533 86482.4092967057,767153.803142314 86518.3742578939,767160.139233662 86538.0638367576,767162.581830512 86543.4898309946,767169.3647212 86565.1733076999,767210.284767591 86666.0933000981,767246.00702414 86715.4540488298,767267.156799255 86734.9389292048,767338.961917092 86774.3614920088,767356.885696301 86787.4276791714,767424.452317263 86844.4382222478,767454.619282538 86863.3720040142,767469.642265247 86872.7832949528,767497.146134413 86880.541888795,767529.887697997 86886.4302851489,767555.16337002 86889.4306840366,767593.360428247 86888.1173887961,767598.485322685 86887.4619899613,767616.854602423 86888.7985900827,767649.703765231 86902.3186780446,767659.165454348 86908.1844724071,767696.229910547 86944.6014355268,767708.470896259 86954.5673256167,767715.261388075 86963.0837168295,767725.505576102 86971.6113083294,767727.063574258 86973.1608067589,767727.614073626 86973.4948064389))","24458"
"MULTILINESTRING ((771805.41061665 84557.1278150747,771805.076617025 84557.017015168,771802.849119443 84557.2370147355,771785.255339007 84553.4655173682,771770.333755563 84550.6912191356,771754.515172189 84558.5371091645,771720.547709255 84559.51340518,771716.75401232 84572.1232910064,771674.552659485 84560.3723002927,771671.988061816 84565.9024940008,771676.437156106 84575.7511835665))","24459"
"MULTILINESTRING ((775230.92782206 80457.4901012546,775229.362423708 80458.2199003248,775223.153329857 80465.6883916249,775217.884235164 80470.9872853814,775215.402237664 80473.4467824791,775212.277040756 80477.2459780568,775208.681844408 80480.4953741957,775206.092746978 80483.5248706614,775205.742347251 80484.8167692162))","24460"
"MULTILINESTRING ((768533.522956743 82686.4223930779,768534.637255622 82685.2060945102,768551.466139143 82661.9832214697,768575.954010419 82684.5649986914,768632.662151879 82642.0039502768,768658.612123743 82638.5887562158,768698.591079781 82640.602057365,768735.335138554 82652.238347658,768762.612307567 82665.4181354586,768782.317985072 82676.2706251825,768876.734278395 82715.0428904908,768887.423766435 82718.0356881015,768956.34358863 82745.6203635702,769062.33516824 82796.7895162324,769185.955233554 82788.5605357003,769199.858415653 82820.3188019536,769199.634215675 82822.9737990151,769196.844217835 82833.5926871048))","24461"
"MULTILINESTRING ((771047.284457954 82058.1035950753,771081.917318856 82072.6071820576,771084.698215684 82074.1664805786,771102.285695162 82089.4394652842,771094.7157035 82088.7677653864))","24469"
"MULTILINESTRING ((764483.216536713 88100.4599823408,764478.538841659 88102.6732794924,764473.637146852 88104.8866766247,764468.182353693 88095.1472868928,764461.070563049 88077.4418058063))","24470"
"MULTILINESTRING ((720075.349232493 71384.1151309087,720082.80772452 71378.2502380622,720089.044117991 71371.4019462412,720092.9460138 71368.631849646,720097.176009527 71361.7827576824,720117.451687927 71344.7521783566,720121.233284061 71339.3400847376,720355.798036581 71108.8373616904,720352.571440618 71103.0794679633,720349.903043729 71101.5301695237,720359.592433334 71094.4608781943,720362.14893039 71095.4537772553,720365.040926964 71097.8928747047,720522.307461039 70943.4489602388,720529.878352994 70936.8144682657,720561.067819981 70907.736903306,720827.260338877 70650.2602128173,720834.607831202 70641.9663226988,720865.797798282 70611.5723592109,720868.915995018 70608.1436633021,720866.688798084 70600.1796721349,720861.118104449 70598.7406733665,720879.611184814 70582.3767931441,720883.173680387 70588.3480866567,721098.457152556 70387.259928828,721144.901503544 70341.9282832671,721157.270990465 70330.2154973567,721220.079724049 70270.8458687883,721242.690600213 70248.4023957119,721255.081187089 70237.0041094486,721283.338657285 70209.2228427904,721343.50499374 70151.2923124024,721360.888175354 70134.9410320782,721363.12387367 70123.167045522,721393.40594183 70091.9635828639,721405.362229259 70079.6949975517,721407.447326728 70082.3504947007))","24473"
"MULTILINESTRING ((722288.866497123 69216.7078330633,722288.866297084 69217.2640324368,722288.978296957 69217.2640324456,722289.313996526 69218.0336315986,722266.720123485 69195.4612554744,722265.722724814 69192.475858772,722253.474539469 69179.6412723901,722252.924540189 69178.2041739717,722252.476640707 69177.9815741916))","24474"
"MULTILINESTRING ((758080.18043952 92043.5628600631,758106.547107459 92076.9862253805,758107.771306333 92074.4462283023))","24480"
"MULTILINESTRING ((737718.994049175 73204.5529679643,737722.109345384 73208.8652633741,737719.094448692 73209.5315624046,737721.210145818 73216.4948547736,737721.433745495 73217.4963536689))","24483"
"MULTILINESTRING ((730507.419949421 76551.6492753603,730539.247311226 76585.8439393519))","24484"
"MULTILINESTRING ((775230.925022052 80457.630401101,775229.576823457 80458.3999001454,775223.375929597 80465.888291426,775218.131634873 80471.2072851597,775215.773337231 80473.8066821155,775212.664640308 80477.5559777482,775209.226143781 80480.8852738153,775206.636946338 80484.1046700723,775205.881247101 80484.8255692189))","24485"
"MULTILINESTRING ((776013.962183412 77856.3026143288,776019.627575621 77876.0020932304,776019.40147555 77879.8688889784))","24488"
"MULTILINESTRING ((758222.792995695 90760.1063942699,758207.636111157 90774.3674771411,758192.598726236 90791.5123568284,758214.289799406 90824.4876222181,758209.046704137 90836.4271085342,758175.071738719 90869.2680691685,758056.959558595 90987.4476278643))","24489"
"MULTILINESTRING ((761892.078764133 91757.3176159781,761891.967664293 91756.8750164582,761880.604176054 91765.2757061599,761887.82866605 91788.2898813666,761887.040165557 91803.5554644225,761858.743794992 91822.7872406437,761860.851891517 91835.7315265241,761665.183004947 91857.9611845067,761537.667243674 91876.69135243,761539.221641269 91884.4359440085,761525.188456395 91888.078238729,761526.197156262 91877.1270509269,761400.465393339 91892.4290227992,761386.099809091 91893.1948206734,761306.473095853 91903.5461021295,761292.330811444 91903.3165011232,761079.956843011 91929.2974534628,761069.712554383 91928.295753659,761026.729301814 91927.2745509559,760989.09124337 91926.1460488499,760890.223354874 91896.8826724039,760860.712487184 91899.0776673472,760848.570499948 91905.9290586877,760835.871813344 91912.5589502244,760828.408021141 91917.3113443034,760827.738421653 91919.8552414303))","24491"
"MULTILINESTRING ((764042.925091535 88433.0821769551,764007.617229339 88444.5668612004))","24509"
"MULTILINESTRING ((764043.478090349 88439.7200696793,764007.61692929 88445.1199605913))","24510"
"MULTILINESTRING ((768554.188058232 91605.5680795068,768580.268232385 91574.937215575))","24516"
"MULTILINESTRING ((765959.583124878 92502.9521572477,765960.805923547 92502.8415574793,765939.436947933 92492.647266797,765925.618562544 92498.944258606,765730.654263929 92640.5393848737,765721.753274279 92634.2284910326,765715.514480572 92640.4188836412,765719.850775228 92646.8381769531,765706.02758913 92661.1004599753,765689.324706868 92667.8406510349,765546.070358182 92735.0170640189,765525.690780095 92740.3086563445,765412.561805817 92724.4205636689,765198.286971509 92388.3154151693,765184.828789303 92354.8980508266,765165.115911071 92353.6714504074,765140.192641034 92325.0039797972,765115.180874592 92257.4008521355,765111.559586935 92164.2459545865,765107.693513102 91919.8732238498,765106.698214712 91914.1143301148,765106.840719084 91863.5601859028,765119.423305289 91863.233987389,765127.678798218 91840.892112776,765132.586593905 91828.840526512,765106.6450235 91816.6593376277))","24520"
"MULTILINESTRING ((765959.583124878 92502.9521572477,765960.805923547 92502.8415574793,765939.436947933 92492.647266797,765925.618562544 92498.944258606,765730.654263929 92640.5393848737,765721.753274279 92634.2284910326,765715.514480572 92640.4188836412,765719.850775228 92646.8381769531,765706.02758913 92661.1004599753,765689.324706868 92667.8406510349,765546.070358182 92735.0170640189,765525.690780095 92740.3086563445,765412.561805817 92724.4205636689,765184.828789303 92354.8980508266,765165.115911071 92353.6714504074,765140.192641034 92325.0039797972,765115.180874592 92257.4008521355,765111.559586935 92164.2459545865,765107.693513102 91919.8732238498,765106.698214712 91914.1143301148,765106.840719084 91863.5601859028,765119.423305289 91863.233987389,765127.116898539 91844.2112090645,765135.259591493 91822.9819332141,765110.662219603 91810.9034443384))","24521"
"MULTILINESTRING ((720429.434580186 72141.2872010695,720472.073132384 72139.0884066042))","24532"
"MULTILINESTRING ((732900.273006772 78732.2742099674,732896.276612461 78716.4566274075))","24542"
"MULTILINESTRING ((766636.044271007 90391.8130451769,766647.048556028 90424.4504101849,766629.22547501 90430.967601419,766606.282200226 90430.6201997629,766602.407707124 90400.8618322158,766602.623107004 90399.5358336969))","24559"
"MULTILINESTRING ((740474.410081015 70512.4071790943,740474.736780685 70511.9623796156,740475.296780038 70512.2962792832,740477.966577167 70510.9716809571,740485.977767249 70524.798366106,740494.214457332 70535.204155091,740490.209361566 70538.1877514683,740633.213690113 70708.6983715789,740645.01467608 70721.2009584856))","24560"
"MULTILINESTRING ((775659.45929878 79928.1862167032,775692.984562706 79922.3438258908))","24562"
"MULTILINESTRING ((762399.683820909 99233.6322967125,762395.445624122 99249.1145791927,762415.926000504 99260.4122686224,762441.984371562 99262.9697682433,762455.136958635 99246.3897878143,762622.508275358 99235.2132159011,762716.613472002 99232.288227979,762741.327944578 99234.5110278433,762851.893721105 99252.8399179725,762853.902619215 99249.4103219521,762858.80961479 99239.0098339135,762833.873944222 99217.9822548173,762865.392409255 99220.7658547032,762875.989500769 99186.9188931189,762873.097704203 99184.2650957821,762877.445300477 99172.9833086628,762858.748622269 99160.1381211076,762890.407492657 99104.291885823,762898.544684767 99092.9011991809,762915.598568875 99062.1647347626,762924.536662555 99024.6632770613,762930.446457627 99007.8560961973,762919.559973237 98969.2384378674,762914.900080743 98943.9030654401,762913.134885241 98916.6871953624,762919.391181455 98883.6163325091,762947.594854022 98845.0238778191,762971.432228956 98832.4285939775,763004.85319438 98808.7775232558,763013.541285933 98796.8308372769,763025.251875271 98773.0544646568,763027.497374953 98750.050890297,763027.936374512 98749.6061908299,763028.049874594 98747.3992932805))","24564"
"MULTILINESTRING ((769869.461424421 84680.9316132154,769871.125921689 84691.5530016795,769883.264508361 84692.0024022244,769900.86078917 84691.1273046928,769900.525689385 84692.8972027186,769899.634390315 84693.4498020346))","24565"
"MULTILINESTRING ((770413.115929467 85841.4901842364,770414.558927754 85843.0297826685,770417.68412397 85847.2189783353))","24574"
"MULTILINESTRING ((770412.720129876 85841.7700838939,770414.121928206 85843.3497822793,770417.197624474 85847.5588779195))","24575"
"MULTILINESTRING ((770412.076930542 85842.2199833454,770413.585928759 85843.7196818279,770416.694624995 85847.9087774909))","24576"
"MULTILINESTRING ((770405.785337044 85846.6691779103,770407.014035546 85848.4187760947,770410.04023188 85852.5379718288))","24577"
"MULTILINESTRING ((762147.864149755 89869.3364250199,762152.879544673 89864.360030958,762154.328943487 89859.7154362172,762160.018337964 89851.3086460063,762168.473228411 89854.1880435681))","24583"
"MULTILINESTRING ((775251.271881647 80675.4057642512,775253.481779071 80677.3653622891))","24588"
"MULTILINESTRING ((775257.794375496 80663.8780774232,775260.903072008 80665.0278764246))","24589"
"MULTILINESTRING ((774483.907392724 79790.1364701893,774483.343691345 79814.1444438359))","24590"
"MULTILINESTRING ((770176.397790326 84658.4261642254,770179.95348523 84672.4781490837,770170.814394156 84685.0848344442,770166.582098732 84685.7462333564,770166.693198572 84686.1888328784,770167.250197991 84685.8572332915))","24591"
"MULTILINESTRING ((730997.202581736 76812.1186198773,731028.28284912 76783.7084541424))","24594"
"MULTILINESTRING ((766336.125483779 93911.461038107,766340.581579438 93905.3808452175,766348.6055715 93895.7608565551,766349.493770737 93893.4431591936,766351.504969163 93886.4714670643,766356.967663495 93882.8306715751,766361.761559036 93873.9781817736,766369.890351296 93860.9271969043,766368.894852872 93855.6226026628,766378.144343994 93841.5711189992,766429.603088775 93827.3322393837,766448.217770066 93808.3161620449,766453.560764782 93801.9027696026,766471.956847094 93774.2630017518,766495.803823393 93746.9510340365,766495.805023563 93745.0687361111,766503.039915749 93743.6359383483,766572.780742713 93704.6317876971,766600.511412099 93706.4107882567,766619.465694898 93666.7075337548,766731.974592585 93433.1327014827,766733.975390873 93427.8298075105,766741.337983851 93416.1044211045,766743.122982193 93412.7858249259,766756.830569271 93389.3437520118,766758.729067739 93383.2620588884,767032.029987699 93162.8325266529,767102.116715716 93108.2313931847,767109.68280683 93114.6527867925,767114.475002121 93108.5634939394,767107.352011171 93094.9561082901,767228.355487211 92997.231026952,767239.901185406 92877.2117602641))","24596"
"MULTILINESTRING ((760835.31421384 91913.8861487065,760832.195517166 91915.1011470846,760801.842941079 92021.9453262097,760797.495345167 92029.7970171386,760748.141496136 92067.932770558,760731.208113721 92079.8700558449,760698.013748782 92096.7756341857,760636.971613249 92127.9351942742,760621.374529366 92139.8731796786,760610.340240022 92156.681360101,760610.769237093 92184.226829669,760590.382258239 92198.9276115878,760586.483762387 92200.5846094088,760573.907777348 92188.1873219989,760572.572979035 92185.7528245736))","24597"
"MULTILINESTRING ((773448.711597677 84821.1519664887,773447.810997985 84829.0057577935,773444.689900911 84834.6420513412,773500.396642377 84807.5686858405,773527.810014796 84780.0433183955,773539.154101355 84792.2161060191,773551.527088493 84784.5914154485))","24603"
"MULTILINESTRING ((761143.027069589 90847.6590550774,761141.406670789 90854.2428476538,761138.733372813 90864.6559359043,761138.38037308 90866.0311343524,761137.903273469 90867.5829325961))","24615"
"MULTILINESTRING ((767412.534915408 91550.999637143,767125.14993655 91486.4958824571,767118.958644448 91474.1927954607,767114.116750529 91465.6203044731))","24616"
"MULTILINESTRING ((764738.585713511 85114.2515979085,764737.250514912 85115.0297969369,764749.507503062 85096.1205188328,764753.526899515 85085.9414303983,764753.974899016 85086.0530303134,764769.223281701 85092.7007242834,764773.897676248 85096.4679205284))","24621"
"MULTILINESTRING ((773685.915248411 77544.3083657721,773696.492335532 77560.6810486896))","24624"
"MULTILINESTRING ((774094.917431699 84357.0864310643,774095.015229463 84381.8644039023,774100.577723237 84383.6388024334,774140.549478183 84399.9267880069,774139.55097933 84399.258588653))","24625"
